{"description": "Dynamic Fields suite description",
"query": "query DFsByObject($first: Int, $after: String, $last: Int, $before: String, $address: String, $showContents: Boolean = false) {   object(address: $address) {     dynamicFields(first: $first, after: $after, last: $last, before: $before) {       pageInfo {         startCursor         endCursor         hasPreviousPage         hasNextPage       }       nodes @include(if: $showContents) {         name {           type {             repr           }         }         value {           ... on MoveValue {             type {               repr             }             json           }           ... on MoveObject {             contents {               json               type {                 repr               }             }           }         }       }     }   } }",
"params": {"address":["0xa39af50bdc6f421278947ddff1a0de130768d5ec2fc7b577ca055fe23382303e","0x6e0ddefc0ad98889c04bab9639e512c21766c5e6366f89e696956d9be6952871","0x97aae7a80abb29c9feabbe7075028550230401ffe7fb745757d3c28a30437408","0x5"],"showContents":[true,false]},
"reports": [{
  "index": 0,
  "status": "COMPLETED",
  "variables": {
    "address": "0xa39af50bdc6f421278947ddff1a0de130768d5ec2fc7b577ca055fe23382303e",
    "showContents": true,
    "first": 50
  },
  "cursors": [],
  "metrics": {
    "min": 469.54104199999983,
    "p50": 505.43375000000015,
    "p90": 5060.030916999999,
    "p95": 5060.030916999999,
    "mean": 1206.1023690000002,
    "max": 5060.030916999999,
    "durations": [
      924.7649999999999,
      561.9850410000001,
      466.0389580000001,
      494.6969159999999,
      469.54104199999983,
      5060.030916999999,
      505.43375000000015,
      668.7160000000003,
      772.2262910000009,
      472.07166700000016
    ]
  }
},{
  "index": 1,
  "status": "COMPLETED",
  "variables": {
    "address": "0xa39af50bdc6f421278947ddff1a0de130768d5ec2fc7b577ca055fe23382303e",
    "showContents": false,
    "first": 50
  },
  "cursors": [],
  "metrics": {
    "min": 238.3002919999999,
    "p50": 280.9041249999991,
    "p90": 333.2283750000006,
    "p95": 333.2283750000006,
    "mean": 282.33992871428563,
    "max": 333.2283750000006,
    "durations": [
      237.79550000000017,
      326.4529590000002,
      286.83366600000045,
      289.39487499999996,
      333.2283750000006,
      260.3850419999999,
      280.9041249999991,
      238.3002919999999,
      314.9007079999992,
      259.2660840000008
    ]
  }
},{
  "index": 2,
  "status": "COMPLETED",
  "variables": {
    "address": "0x6e0ddefc0ad98889c04bab9639e512c21766c5e6366f89e696956d9be6952871",
    "showContents": true,
    "first": 50
  },
  "cursors": [],
  "metrics": {
    "min": 258.0216250000012,
    "p50": 275.3702080000003,
    "p90": 338.3810830000002,
    "p95": 338.3810830000002,
    "mean": 286.70367842857223,
    "max": 338.3810830000002,
    "durations": [
      698.6894589999993,
      300.57037499999933,
      241.2686250000006,
      261.2150830000028,
      287.66866700000173,
      263.5216249999976,
      338.3810830000002,
      275.3702080000003,
      322.74745800000164,
      258.0216250000012
    ]
  }
},{
  "index": 3,
  "status": "COMPLETED",
  "variables": {
    "address": "0x6e0ddefc0ad98889c04bab9639e512c21766c5e6366f89e696956d9be6952871",
    "showContents": false,
    "first": 50
  },
  "cursors": [],
  "metrics": {
    "min": 245.76241700000173,
    "p50": 284.28058299999975,
    "p90": 318.60608299999876,
    "p95": 318.60608299999876,
    "mean": 281.47198214285737,
    "max": 318.60608299999876,
    "durations": [
      283.0768750000025,
      273.98304199999984,
      271.56487500000003,
      305.3687080000018,
      266.99679200000173,
      318.60608299999876,
      255.2051250000004,
      294.08416699999725,
      245.76241700000173,
      284.28058299999975
    ]
  }
},{
  "index": 4,
  "status": "COMPLETED",
  "variables": {
    "address": "0x97aae7a80abb29c9feabbe7075028550230401ffe7fb745757d3c28a30437408",
    "showContents": true,
    "first": 50
  },
  "cursors": [],
  "metrics": {
    "min": 249.30929200000173,
    "p50": 269.23141699999906,
    "p90": 351.49512499999764,
    "p95": 351.49512499999764,
    "mean": 286.0095119999995,
    "max": 351.49512499999764,
    "durations": [
      1523.6111249999994,
      287.8015830000004,
      317.5099999999984,
      255.0699999999997,
      351.49512499999764,
      269.23141699999906,
      322.5189169999976,
      249.30929200000173,
      298.95758299999943,
      255.48425000000134
    ]
  }
},{
  "index": 5,
  "status": "COMPLETED",
  "variables": {
    "address": "0x97aae7a80abb29c9feabbe7075028550230401ffe7fb745757d3c28a30437408",
    "showContents": false,
    "first": 50
  },
  "cursors": [],
  "metrics": {
    "min": 267.5583340000012,
    "p50": 284.1489159999983,
    "p90": 311.7217500000006,
    "p95": 311.7217500000006,
    "mean": 286.13126171428615,
    "max": 311.7217500000006,
    "durations": [
      275.7017500000002,
      321.30583300000217,
      269.0849999999991,
      311.7217500000006,
      269.1011660000004,
      303.85241600000154,
      267.5583340000012,
      287.0144160000018,
      284.1489159999983,
      279.5218339999992
    ]
  }
},{
  "index": 6,
  "status": "COMPLETED",
  "variables": {
    "address": "0x5",
    "showContents": true,
    "first": 50
  },
  "cursors": [],
  "metrics": {
    "min": 335.0729999999967,
    "p50": 360.9084589999984,
    "p90": 420.1612909999967,
    "p95": 420.1612909999967,
    "mean": 374.05642842857094,
    "max": 420.1612909999967,
    "durations": [
      986.0868750000009,
      361.61562499999854,
      400.2062919999953,
      393.9416659999988,
      335.0729999999967,
      420.1612909999967,
      358.9673750000002,
      354.8267909999995,
      394.5164170000062,
      360.9084589999984
    ]
  }
},{
  "index": 7,
  "status": "COMPLETED",
  "variables": {
    "address": "0x5",
    "showContents": false,
    "first": 50
  },
  "cursors": [],
  "metrics": {
    "min": 267.5015829999975,
    "p50": 282.46083299999736,
    "p90": 317.61895899999945,
    "p95": 317.61895899999945,
    "mean": 287.9060357142859,
    "max": 317.61895899999945,
    "durations": [
      329.3115419999958,
      256.4273749999993,
      285.1913340000028,
      284.0901670000021,
      282.46083299999736,
      275.0485420000041,
      275.1600829999952,
      317.61895899999945,
      267.5015829999975,
      313.4620830000058
    ]
  }
},{
  "index": 8,
  "status": "COMPLETED",
  "variables": {
    "address": "0xa39af50bdc6f421278947ddff1a0de130768d5ec2fc7b577ca055fe23382303e",
    "showContents": true,
    "last": 50
  },
  "cursors": [],
  "metrics": {
    "min": 445.1297919999997,
    "p50": 470.2328750000015,
    "p90": 520.9991669999945,
    "p95": 520.9991669999945,
    "mean": 479.42589299999753,
    "max": 520.9991669999945,
    "durations": [
      422.32583400000294,
      490.12729099999706,
      428.72554200000013,
      462.99812499999825,
      500.94829199999367,
      470.2328750000015,
      504.80912499999977,
      445.1297919999997,
      450.86387499999546,
      520.9991669999945
    ]
  }
},{
  "index": 9,
  "status": "COMPLETED",
  "variables": {
    "address": "0xa39af50bdc6f421278947ddff1a0de130768d5ec2fc7b577ca055fe23382303e",
    "showContents": false,
    "last": 50
  },
  "cursors": [],
  "metrics": {
    "min": 260.71316600000137,
    "p50": 307.78758299999754,
    "p90": 341.2350829999996,
    "p95": 341.2350829999996,
    "mean": 299.6655058571414,
    "max": 341.2350829999996,
    "durations": [
      256.8770000000004,
      329.76545899999473,
      259.6813750000001,
      314.8746669999964,
      260.71316600000137,
      307.78758299999754,
      263.75824999999895,
      310.0844169999982,
      299.20537499999773,
      341.2350829999996
    ]
  }
},{
  "index": 10,
  "status": "COMPLETED",